Time,Population
0.0,-0.5326291830492016
0.1001001001001001,-0.2752042275961528
0.2002002002002002,-0.8381649049023644
0.3003003003003003,0.7084405363530998
0.4004004004004004,0.11894184824965895
0.5005005005005005,-0.5301772224685649
0.6006006006006006,0.43789226263305125
0.7007007007007008,0.41238614727637773
0.8008008008008008,0.4483211831128293
0.9009009009009009,-0.48680479480724587
1.001001001001001,-0.02995490080602771
1.1011011011011012,0.1337214790899628
1.2012012012012012,0.12326032303650919
1.3013013013013013,0.25111639513847533
1.4014014014014016,0.21670642618288788
1.5015015015015016,-0.04580858939606196
1.6016016016016017,0.022076642784309035
1.7017017017017018,0.4047752084495666
1.8018018018018018,1.327038483900664
1.9019019019019021,-0.34060253683683855
2.002002002002002,0.6093629681187718
2.1021021021021022,0.16417213959163646
2.2022022022022023,0.0194260572748782
2.3023023023023024,-0.4270210151945958
2.4024024024024024,0.2753289541192838
2.5025025025025025,0.11978636650699682
2.6026026026026026,-0.6962797031540421
2.702702702702703,0.19268881859648948
2.802802802802803,0.2564162531287967
2.902902902902903,-0.628867302908609
3.0030030030030033,-1.2341553180466378
3.1031031031031033,0.568548161511851
3.2032032032032034,-0.48918113103958605
3.3033033033033035,0.9840046548761732
3.4034034034034035,0.7072672260695219
3.5035035035035036,1.0486456986146848
3.6036036036036037,-0.3195980075969776
3.7037037037037037,0.0571283403046365
3.8038038038038042,0.27976068364643014
3.9039039039039043,-0.6130489405010042
4.004004004004004,-0.26544197434430195
4.104104104104104,-0.21788827964242785
4.2042042042042045,-0.2585943337614039
4.3043043043043046,0.05534782878970635
4.404404404404405,-0.8399829699433452
4.504504504504505,0.26298519395492836
4.604604604604605,0.23269863167567575
4.704704704704705,0.07154461215646538
4.804804804804805,0.6110448057769832
4.904904904904905,-0.20451665002885863
5.005005005005005,-0.08241717029961351
5.105105105105105,-0.7245407496391805
5.205205205205205,0.8544115908632024
5.305305305305305,-0.2758055942997953
5.405405405405406,-0.07557063553250805
5.505505505505506,-0.048859989496493936
5.605605605605606,-1.1542322672584455
5.705705705705706,-1.0164136108242499
5.805805805805806,-0.24891954372958358
5.9059059059059065,0.09083589161665005
6.0060060060060065,0.1351807199297197
6.106106106106107,0.7599756932085209
6.206206206206207,-1.0793729856228376
6.306306306306307,0.12055172135072299
6.406406406406407,0.5364518593701764
6.506506506506507,0.01831406323407468
6.606606606606607,0.7813086946016816
6.706706706706707,-0.1747254272547348
6.806806806806807,0.35156077366272176
6.906906906906907,0.18403804906767662
7.007007007007007,0.15806663270496013
7.107107107107107,1.1887452169719164
7.207207207207207,-0.5837016056444336
7.307307307307307,0.6883922986523511
7.407407407407407,0.005158892689276912
7.507507507507508,0.850114951494017
7.6076076076076085,0.5215489753144964
7.7077077077077085,0.5324060630102018
7.807807807807809,0.30428387465594553
7.907907907907909,0.7339231770412002
8.008008008008009,0.9961250799017882
8.108108108108109,0.2679834765572684
8.208208208208209,-0.15272090043736164
8.308308308308309,0.31389464878607387
8.408408408408409,0.3069540540039659
8.508508508508509,0.7317229986284991
8.608608608608609,0.602723498234288
8.70870870870871,0.23775147879530617
8.80880880880881,0.5826323842234008
8.90890890890891,0.08983039627171127
9.00900900900901,-0.3290836869753241
9.10910910910911,0.49500747013517443
9.20920920920921,0.6285880534733158
9.30930930930931,0.1474982025367951
9.40940940940941,0.28019031728076704
9.50950950950951,0.28247742311479496
9.60960960960961,0.6080213788497925
9.70970970970971,0.9097142790170112
9.80980980980981,0.13497539848305118
9.90990990990991,0.07323790671437075
10.01001001001001,0.8026967073502982
10.11011011011011,0.22419259474529218
10.21021021021021,0.109026594236598
10.31031031031031,0.10778352454793559
10.41041041041041,0.26642589227178937
10.51051051051051,0.06585328977602166
10.61061061061061,-0.032646788005761596
10.710710710710712,-0.07200474202712637
10.810810810810812,0.07353814230148564
10.910910910910912,1.040219413209904
11.011011011011012,-0.21408223591293746
11.111111111111112,0.09893721035329736
11.211211211211213,0.33059747829807584
11.311311311311313,0.5529969009794312
11.411411411411413,0.9162155135812399
11.511511511511513,0.4568541518747603
11.611611611611613,-0.2947387027651393
11.711711711711713,-0.18901021871760004
11.811811811811813,0.8792644018540764
11.911911911911913,0.16707892966437074
12.012012012012013,0.8141564949895819
12.112112112112113,-0.5158943965864295
12.212212212212213,0.3013764327733217
12.312312312312313,-0.3654989943686924
12.412412412412413,-0.1617032411922626
12.512512512512513,0.253115275369848
12.612612612612613,0.6950320514888209
12.712712712712714,-0.6108278001105912
12.812812812812814,0.9825166045028486
12.912912912912914,-1.1663216847087976
13.013013013013014,0.5463932422862365
13.113113113113114,-0.1670066093914156
13.213213213213214,0.7973451000539469
13.313313313313314,0.06063758745207001
13.413413413413414,-0.45052408136690425
13.513513513513514,-0.009544873725261027
13.613613613613614,0.5103716446053935
13.713713713713714,0.3556206836227692
13.813813813813814,0.4100385779095035
13.913913913913914,0.1111971707347073
14.014014014014014,0.5924386572697995
14.114114114114114,-0.3904684765694412
14.214214214214214,0.19876005545180175
14.314314314314315,0.7388675102450469
14.414414414414415,1.2652232466646953
14.514514514514515,1.198159209528091
14.614614614614615,-0.17938459814955088
14.714714714714715,-0.16653979920474077
14.814814814814815,0.3849423332877804
14.914914914914915,0.3219821426991108
15.015015015015017,0.5349311828248333
15.115115115115117,0.11964935045692382
15.215215215215217,-0.009317628164707437
15.315315315315317,0.6437453807608169
15.415415415415417,0.425169081486991
15.515515515515517,1.1896685995925946
15.615615615615617,-0.3629974984793135
15.715715715715717,-0.0801176537018427
15.815815815815817,-0.14575349575441549
15.915915915915917,0.20320958128478375
16.016016016016017,-0.14707078147938374
16.116116116116117,0.2727787399606176
16.216216216216218,0.6466435767891644
16.316316316316318,-0.3481443623765026
16.416416416416418,0.4058270082058429
16.516516516516518,-0.287086692306129
16.616616616616618,0.1929825917809591
16.716716716716718,0.38444060058284185
16.816816816816818,-0.13402747486294225
16.916916916916918,1.3817930009885973
17.017017017017018,-0.5644199377305376
17.117117117117118,0.11038534388522572
17.217217217217218,-0.0049014256471049955
17.31731731731732,0.7377005348662427
17.41741741741742,-0.3103287834353617
17.51751751751752,-0.042968269664089564
17.61761761761762,0.043476794267727215
17.71771771771772,0.08383710279883572
17.81781781781782,0.09540224755298055
17.91791791791792,0.11848588153969242
18.01801801801802,0.09914044448897857
18.11811811811812,-0.047029231989221876
18.21821821821822,-0.09831494792883783
18.31831831831832,1.3153389125963566
18.41841841841842,0.23309538168088245
18.51851851851852,0.4157334242143065
18.61861861861862,0.3713505597808668
18.71871871871872,-0.048138906405986504
18.81881881881882,1.467464144821454
18.91891891891892,0.2481205881143996
19.01901901901902,1.0217998477474857
19.11911911911912,0.7553931344921112
19.21921921921922,0.3460397261571946
19.31931931931932,0.6612232472419485
19.41941941941942,0.06872487489244455
19.51951951951952,1.2798366272730934
19.61961961961962,0.5533041629174699
19.71971971971972,0.2477926713861974
19.81981981981982,0.21817152257200353
19.91991991991992,0.4005181412054003
20.02002002002002,1.0743253643668096
20.12012012012012,0.5019047138855587
20.22022022022022,-0.0364903545144275
20.32032032032032,0.6173443091117753
20.42042042042042,0.6182761282653922
20.52052052052052,0.8157998873946084
20.62062062062062,0.6129886260299393
20.72072072072072,0.5947414671762657
20.82082082082082,0.5687893777474238
20.92092092092092,1.192956449126576
21.02102102102102,0.4992465126378214
21.12112112112112,1.1763575360034983
21.22122122122122,0.9499826549802886
21.32132132132132,1.3719954140671078
21.421421421421424,0.6536575165499535
21.521521521521525,0.6163100944451065
21.621621621621625,0.922823236286931
21.721721721721725,1.177669802379031
21.821821821821825,0.029644394064840207
21.921921921921925,0.742903152744513
22.022022022022025,0.9849226656577421
22.122122122122125,1.4579747490175161
22.222222222222225,0.35711771969539885
22.322322322322325,1.120484243755028
22.422422422422425,1.0497550719834936
22.522522522522525,0.5753923389321669
22.622622622622625,0.5328500812113888
22.722722722722725,1.2824668230359215
22.822822822822825,-0.20009693991494992
22.922922922922925,0.6159320505164596
23.023023023023026,0.8792228537773188
23.123123123123126,0.9617339533223297
23.223223223223226,1.1237291090129107
23.323323323323326,-0.08641897594167758
23.423423423423426,0.652872159599681
23.523523523523526,0.6947821088585134
23.623623623623626,1.2390221777520203
23.723723723723726,0.8520931019061128
23.823823823823826,0.8374044312394897
23.923923923923926,-0.16237239678949245
24.024024024024026,0.46205657567332814
24.124124124124126,0.5821378035421926
24.224224224224226,0.5640148845954723
24.324324324324326,1.2722370593844212
24.424424424424426,0.1865641040473347
24.524524524524526,0.8449480851745944
24.624624624624627,0.7691825060371204
24.724724724724727,0.8896447878317381
24.824824824824827,0.46008288384454005
24.924924924924927,-0.0038218309914967996
25.025025025025027,0.5486134748641478
25.125125125125127,0.10190588957750035
25.225225225225227,0.6184563256669787
25.325325325325327,1.1454899755105825
25.425425425425427,0.31470534290858737
25.525525525525527,0.7238457181045844
25.625625625625627,1.6037867891905955
25.725725725725727,0.808609091605068
25.825825825825827,0.6715062872009802
25.925925925925927,1.6101152443798168
26.026026026026027,0.41294271603105676
26.126126126126128,0.692124258673515
26.226226226226228,0.8843303261933292
26.326326326326328,0.5917863448337817
26.426426426426428,0.530846236660573
26.526526526526528,1.0544241218164048
26.626626626626628,0.8202989837997623
26.726726726726728,1.6525163223309645
26.826826826826828,0.39112186012921213
26.926926926926928,0.9371646994953686
27.027027027027028,-0.07525915778489922
27.127127127127128,0.27012546248428415
27.227227227227228,0.24876346004011995
27.32732732732733,0.36571261196157245
27.42742742742743,1.4507859799746488
27.52752752752753,1.0202454098224787
27.62762762762763,0.5640448053696838
27.72772772772773,1.9594028750230135
27.82782782782783,1.042672535294248
27.92792792792793,1.0505887552822624
28.02802802802803,1.3582760038171005
28.12812812812813,0.41595096232276085
28.22822822822823,0.3704553795893051
28.32832832832833,0.6439229379824347
28.42842842842843,0.4375240757579507
28.52852852852853,0.27980669142718473
28.62862862862863,1.3253526186492395
28.72872872872873,1.2158902764204367
28.82882882882883,1.229272391931766
28.92892892892893,1.9355022113835143
29.02902902902903,0.575621022780013
29.12912912912913,1.3577921792412542
29.22922922922923,1.024507187744161
29.32932932932933,1.2760649512329136
29.42942942942943,1.5289558774415952
29.52952952952953,1.0863906464987623
29.62962962962963,1.314001560584369
29.72972972972973,0.5652310568576474
29.82982982982983,1.3478928785438942
29.929929929929934,1.3695394324575019
30.030030030030034,1.4223793540467926
30.130130130130134,1.5643723824422384
30.230230230230234,1.2676292005522334
30.330330330330334,2.3389062674206373
30.430430430430434,0.7233853886226218
30.530530530530534,1.6866327252110533
30.630630630630634,2.138527293327061
30.730730730730734,0.75077672074649
30.830830830830834,1.4070602226362818
30.930930930930934,0.8016994679910543
31.031031031031034,1.569352097872232
31.131131131131134,1.049185910605241
31.231231231231234,1.4637019788639445
31.331331331331334,1.4703963497986434
31.431431431431434,1.7054057834203484
31.531531531531535,1.350092828189419
31.631631631631635,1.1174668360657483
31.731731731731735,0.784507240819279
31.831831831831835,1.5270069090858034
31.931931931931935,1.744217378028744
32.032032032032035,1.591875768886925
32.132132132132135,1.2757702159221547
32.232232232232235,0.8672078469103355
32.332332332332335,1.4494096843906104
32.432432432432435,1.8768202756833057
32.532532532532535,1.4885569075228808
32.632632632632635,1.3624543761533487
32.732732732732735,2.229575225088096
32.832832832832835,1.3275096208911747
32.932932932932935,0.9755002789430777
33.033033033033036,1.7305725180149514
33.133133133133136,2.0248696284605354
33.233233233233236,1.7274452589666114
33.333333333333336,1.9688202776805848
33.433433433433436,1.2874831523656949
33.533533533533536,1.0181135943960462
33.633633633633636,1.8837491378989109
33.733733733733736,1.8044281927467454
33.833833833833836,1.7627996884068518
33.933933933933936,1.9035774433179393
34.034034034034036,1.3354867155713814
34.134134134134136,1.0775217392256966
34.234234234234236,2.3839581012836293
34.334334334334336,2.5312063888569623
34.434434434434436,1.8417352805646143
34.53453453453454,1.5712316146924024
34.63463463463464,1.7264966975600171
34.73473473473474,1.2545454481731513
34.83483483483484,1.800815085014623
34.93493493493494,1.214877693827733
35.03503503503504,1.778833389369455
35.13513513513514,2.1094716152188675
35.23523523523524,2.1399835126575852
35.33533533533534,1.4539020668318947
35.43543543543544,1.8510405275530892
35.53553553553554,2.247094738417112
35.63563563563564,1.5995279546902677
35.73573573573574,1.9671691085122975
35.83583583583584,1.9835827318728783
35.93593593593594,2.129401811346336
36.03603603603604,1.409328189985168
36.13613613613614,1.963956430202023
36.23623623623624,2.1410369037360657
36.33633633633634,2.245211030591509
36.43643643643644,2.3102207119343343
36.53653653653654,1.9562748540318335
36.63663663663664,1.2468193579607596
36.73673673673674,2.248423455159095
36.83683683683684,2.5510674808523883
36.93693693693694,1.8825832273312142
37.03703703703704,1.1629439166095514
37.13713713713714,2.1146909231965463
37.23723723723724,1.912298320252101
37.33733733733734,1.6612999051041641
37.43743743743744,2.5851957681959328
37.53753753753754,2.399330123097551
37.63763763763764,2.613509851251895
37.73773773773774,2.423026356388394
37.83783783783784,2.6595583211364104
37.93793793793794,2.199537072938723
38.03803803803804,2.416157500036562
38.13813813813814,1.769438086219006
38.23823823823824,2.5508805346505934
38.33833833833834,1.7631546928179898
38.43843843843844,1.5678264099637282
38.53853853853854,2.0031467877434896
38.63863863863864,2.689508024775463
38.73873873873874,2.658140625276929
38.83883883883884,1.9381578513098532
38.93893893893894,2.5687769348161362
39.03903903903904,2.8544759749995383
39.13913913913914,3.5534785675463345
39.23923923923924,2.2071782761701404
39.33933933933934,3.2078742165574403
39.43943943943944,3.692976816640308
39.53953953953954,1.3854023595042353
39.63963963963964,2.6747571338239764
39.73973973973974,1.1977360046343337
39.83983983983984,2.599176739418607
39.93993993993994,2.708174309623423
40.04004004004004,3.350873560229174
40.14014014014014,2.996419672366919
40.24024024024024,2.515384238335698
40.34034034034034,3.1450006227837033
40.44044044044044,3.021430285749064
40.54054054054054,3.8400007664639366
40.64064064064064,3.1133385290376725
40.74074074074074,3.6080657900195683
40.84084084084084,2.7991857761435446
40.94094094094094,3.2664578735572833
41.04104104104104,2.809105441175865
41.14114114114114,2.9963592916234316
41.24124124124124,2.3769302774668613
41.34134134134134,2.7822099663909126
41.44144144144144,2.580788825699545
41.54154154154154,2.7808632432703053
41.64164164164164,2.5523532321015647
41.74174174174174,2.939215897421405
41.84184184184184,3.281931627813241
41.94194194194194,3.4908205755093915
42.04204204204204,2.7113498746500744
42.14214214214214,3.417609127519593
42.24224224224224,3.973222773610489
42.34234234234234,3.03095231607555
42.44244244244244,3.059183589519539
42.54254254254254,2.7074799903610147
42.64264264264264,3.3494203143399237
42.74274274274275,3.4010069861672023
42.84284284284285,3.352488910452056
42.94294294294295,2.5402815012546514
43.04304304304305,2.6742134715288683
43.14314314314315,3.0910497613351233
43.24324324324325,3.633133594128809
43.34334334334335,3.2594414721501748
43.44344344344345,3.465201402696877
43.54354354354355,4.570114712169427
43.64364364364365,3.243747644814931
43.74374374374375,3.7887550809897332
43.84384384384385,2.911966385428298
43.94394394394395,3.821350628624196
44.04404404404405,3.172465978712559
44.14414414414415,3.516262586638315
44.24424424424425,3.920012155892107
44.34434434434435,4.133331859795375
44.44444444444445,4.037192867120336
44.54454454454455,4.369257881818074
44.64464464464465,3.518386932184958
44.74474474474475,4.150034954684769
44.84484484484485,3.7785976645435593
44.94494494494495,4.00213949375055
45.04504504504505,3.3106285612264794
45.14514514514515,4.066908665505174
45.24524524524525,2.9660363659382036
45.34534534534535,3.909083231937745
45.44544544544545,3.6406386592198916
45.54554554554555,4.044009787179043
45.64564564564565,3.7723988863657123
45.74574574574575,3.886871552066399
45.84584584584585,4.478539963457265
45.94594594594595,3.7761211408982196
46.04604604604605,3.387134859525313
46.14614614614615,3.871561680890601
46.24624624624625,3.9829492055527504
46.34634634634635,3.9077284002120645
46.44644644644645,3.496511948737871
46.54654654654655,4.261092158362155
46.64664664664665,4.54643009059468
46.74674674674675,4.378356079153057
46.84684684684685,4.2041303314083835
46.94694694694695,4.765473902912038
47.04704704704705,4.053883828000975
47.14714714714715,5.180698261608196
47.24724724724725,4.358134783515932
47.34734734734735,3.7944124313361174
47.44744744744745,3.9926385780984086
47.54754754754755,4.528694011867432
47.64764764764765,4.137257941186124
47.74774774774775,4.521383989840675
47.84784784784785,3.8202978814959865
47.94794794794795,4.627166501333091
48.04804804804805,3.660357072944718
48.14814814814815,4.735473741069286
48.24824824824825,3.729806456428838
48.34834834834835,4.9640029262970335
48.44844844844845,4.510401862573854
48.54854854854855,4.869648011484888
48.64864864864865,5.359339248659
48.74874874874875,4.871446179887934
48.84884884884885,4.887033679640541
48.94894894894895,4.430668489002785
49.04904904904905,4.6034582354582225
49.14914914914915,5.737579326478148
49.24924924924925,3.9635864339694775
49.34934934934935,4.765142075022399
49.44944944944945,4.703986058277447
49.54954954954955,5.053403458488953
49.64964964964965,4.3498935475573735
49.74974974974975,5.350356617798876
49.84984984984985,5.336124397456958
49.94994994994995,4.228390683962688
50.050050050050054,5.168906601848204
50.150150150150154,5.58054036541349
50.250250250250254,4.584276150237642
50.350350350350354,4.895385804953043
50.450450450450454,5.483805242093589
50.550550550550554,3.9538712639152287
50.650650650650654,4.763059920454301
50.750750750750754,5.928563582260437
50.850850850850854,5.432218142855079
50.950950950950954,5.158393954388824
51.051051051051054,5.075058684859107
51.151151151151154,5.109179936027733
51.251251251251254,4.852884678005251
51.351351351351354,5.7774632163581705
51.451451451451454,5.697652755900426
51.551551551551555,5.775261546300509
51.651651651651655,5.16402154050161
51.751751751751755,5.569949748053307
51.851851851851855,5.68078698087163
51.951951951951955,4.881198532459571
52.052052052052055,5.348484335265101
52.152152152152155,5.958092192941212
52.252252252252255,6.032557138751466
52.352352352352355,5.633308586253386
52.452452452452455,4.711655280860759
52.552552552552555,5.354367102512668
52.652652652652655,5.034171332478129
52.752752752752755,5.375730044570205
52.852852852852855,5.481365946308901
52.952952952952955,5.455045254850392
53.053053053053056,5.313978157284347
53.153153153153156,6.246421688012803
53.253253253253256,5.349791447243311
53.353353353353356,6.163254440558898
53.453453453453456,5.78724533394045
53.553553553553556,6.121434047143823
53.653653653653656,5.520495325066171
53.753753753753756,5.350281084101649
53.853853853853856,5.815854366914292
53.953953953953956,6.234994584658757
54.054054054054056,5.610688448961035
54.154154154154156,6.013036783301202
54.254254254254256,6.490756712113252
54.354354354354356,6.905711493180368
54.454454454454456,6.952608286429085
54.55455455455456,6.082802772394533
54.65465465465466,6.417000476569785
54.75475475475476,5.383594338874042
54.85485485485486,6.292050064117114
54.95495495495496,5.992437512484085
55.05505505505506,6.501260088117209
55.15515515515516,6.180354138956838
55.25525525525526,5.92015985225043
55.35535535535536,6.97412818661648
55.45545545545546,6.14561646134696
55.55555555555556,6.399981621910764
55.65565565565566,6.004148453497589
55.75575575575576,6.375313521530186
55.85585585585586,5.9930157995181625
55.95595595595596,6.6869275861792925
56.05605605605606,6.052755074813282
56.15615615615616,6.621646945802563
56.25625625625626,7.005832572758961
56.35635635635636,6.94961066053045
56.45645645645646,7.308475752991349
56.55655655655656,6.021537285854212
56.65665665665666,6.773995753023708
56.75675675675676,6.277588681451348
56.85685685685686,5.90757676016002
56.95695695695696,6.68784938467085
57.05705705705706,6.597458141085359
57.15715715715716,6.485099240694247
57.25725725725726,6.843068754555996
57.35735735735736,6.195789199309171
57.45745745745746,6.096796502088029
57.55755755755756,6.192031513390579
57.65765765765766,6.5859134239001085
57.75775775775776,7.0169258170581585
57.85785785785786,6.202775288624027
57.95795795795796,6.161535268143091
58.05805805805806,7.37180363925948
58.15815815815816,5.976844700427728
58.25825825825826,7.6146798143359264
58.35835835835836,7.1101191141404625
58.45845845845846,7.486603381570324
58.55855855855856,7.45814188537479
58.65865865865866,7.362458335397357
58.75875875875876,6.766399712201271
58.85885885885886,6.966946169745523
58.95895895895896,7.765927165515131
59.05905905905906,7.140099466087376
59.15915915915916,8.03968299610271
59.25925925925926,7.122757781391738
59.35935935935936,7.066911620318706
59.45945945945946,7.3857519757456025
59.55955955955956,7.692232551048006
59.65965965965966,7.354574365751029
59.75975975975976,7.112530143799528
59.85985985985987,7.052280921469286
59.95995995995997,7.719423774357255
60.06006006006007,7.702423308635952
60.16016016016017,7.254254833143088
60.26026026026027,6.827257198563547
60.36036036036037,7.073965658084059
60.46046046046047,7.629958644981234
60.56056056056057,7.383540625362367
60.66066066066067,7.063724804095017
60.76076076076077,7.64375508626692
60.86086086086087,7.705303608388225
60.96096096096097,6.829705433269613
61.06106106106107,7.927731682082054
61.16116116116117,7.641295543761249
61.26126126126127,7.721732011565716
61.36136136136137,7.388355295122179
61.46146146146147,7.12628657816505
61.56156156156157,7.552960682759246
61.66166166166167,7.7939722856744
61.76176176176177,6.4031885516587295
61.86186186186187,7.489421336232513
61.96196196196197,7.8773973742505
62.06206206206207,7.2703984085629285
62.16216216216217,7.58950008391484
62.26226226226227,8.413956354074703
62.36236236236237,7.612340933527453
62.46246246246247,8.096355048220014
62.56256256256257,7.4702853234547035
62.66266266266267,8.005514974719334
62.76276276276277,8.589737175085432
62.86286286286287,8.05123278465852
62.96296296296297,7.111698384364989
63.06306306306307,8.702715061146431
63.16316316316317,7.951888883125555
63.26326326326327,7.536798833366169
63.36336336336337,7.933842680086928
63.46346346346347,7.88916341568516
63.56356356356357,7.587016734866932
63.66366366366367,8.751938195760998
63.76376376376377,8.598696644408308
63.86386386386387,7.5792656321902685
63.96396396396397,8.625657255666832
64.06406406406407,7.943482298981944
64.16416416416416,7.212956046449398
64.26426426426427,7.760237246052217
64.36436436436436,7.8767254724612075
64.46446446446447,8.320453093157052
64.56456456456456,9.93424798859079
64.66466466466467,8.220136711475817
64.76476476476476,7.734195659304756
64.86486486486487,7.522648298950743
64.96496496496496,8.92077665251188
65.06506506506507,8.350135160690627
65.16516516516516,8.860258395624836
65.26526526526527,8.667318736406907
65.36536536536536,8.046636019890109
65.46546546546547,8.54502624875563
65.56556556556556,9.397509182493689
65.66566566566567,9.219718896548741
65.76576576576576,7.852469935974884
65.86586586586587,7.163465222053976
65.96596596596596,8.388732841812594
66.06606606606607,8.323951137990711
66.16616616616616,8.780259477251624
66.26626626626627,7.678283841089089
66.36636636636636,8.723668027389923
66.46646646646647,9.18694326943846
66.56656656656656,8.68265134188953
66.66666666666667,7.6802728975806795
66.76676676676676,7.94510687913824
66.86686686686687,8.194843582296333
66.96696696696696,8.070939265171802
67.06706706706707,8.723938365852558
67.16716716716716,8.31645975514978
67.26726726726727,8.469463744151993
67.36736736736736,8.144777511977079
67.46746746746747,8.512098130942395
67.56756756756756,9.057042123931323
67.66766766766767,9.057408723245992
67.76776776776777,8.518926233647935
67.86786786786787,8.876899047635224
67.96796796796797,9.51182698145901
68.06806806806807,9.387139938353862
68.16816816816817,9.118538398169115
68.26826826826827,9.5978397082501
68.36836836836838,8.81473035838449
68.46846846846847,9.171278898897585
68.56856856856858,8.6627305584697
68.66866866866867,8.25000023897414
68.76876876876878,9.446953605795187
68.86886886886887,8.864440281066964
68.96896896896898,7.422837134165017
69.06906906906907,8.429581749312257
69.16916916916918,8.426121891449554
69.26926926926927,7.983872452679519
69.36936936936938,8.281600657862569
69.46946946946947,7.992742122918506
69.56956956956958,9.606667383935319
69.66966966966967,9.011892413247649
69.76976976976978,8.45580318872642
69.86986986986987,9.353957190228966
69.96996996996998,8.559415734215817
70.07007007007007,8.180802703240039
70.17017017017018,8.805811425248944
70.27027027027027,9.518604412320856
70.37037037037038,9.449449813237099
70.47047047047047,8.708653186622326
70.57057057057058,9.187895881610164
70.67067067067067,9.28049085204733
70.77077077077078,8.635058936257863
70.87087087087087,8.439713534431483
70.97097097097098,7.768463647970059
71.07107107107107,9.530722199942755
71.17117117117118,10.085686731554546
71.27127127127127,9.057396298001002
71.37137137137138,9.077397812953052
71.47147147147147,9.493142701993552
71.57157157157158,9.05559141033089
71.67167167167167,9.252819478394008
71.77177177177178,8.845185724859164
71.87187187187187,9.326800351591157
71.97197197197198,8.948903155458604
72.07207207207207,9.103502597590262
72.17217217217218,9.06666959970629
72.27227227227228,8.771635194738286
72.37237237237238,8.362580576561449
72.47247247247248,8.834939786197168
72.57257257257258,9.51469483354385
72.67267267267268,7.863312535811758
72.77277277277278,9.270755802953223
72.87287287287288,9.413232123212453
72.97297297297298,9.583995717159196
73.07307307307308,9.546020445358762
73.17317317317318,9.165142097973755
73.27327327327328,8.423302443576741
73.37337337337338,9.148608818568292
73.47347347347348,9.293867574178444
73.57357357357358,8.677830379860467
73.67367367367368,9.035485598410125
73.77377377377378,8.834792079819827
73.87387387387388,9.646783469614364
73.97397397397398,8.542360665042938
74.07407407407408,10.406402937072627
74.17417417417418,8.364510835042163
74.27427427427428,9.599674699834242
74.37437437437438,9.18089611053341
74.47447447447448,9.32996543732442
74.57457457457458,9.682092233213128
74.67467467467468,9.417255686310062
74.77477477477478,8.416741175584342
74.87487487487488,9.488456957287548
74.97497497497498,9.489335846450528
75.07507507507508,8.78749393012792
75.17517517517518,9.630760113457018
75.27527527527528,9.072294473504208
75.37537537537538,9.388307670359918
75.47547547547548,9.523356914863042
75.57557557557558,8.684843815866742
75.67567567567568,8.716056899897142
75.77577577577578,9.555607028838844
75.87587587587588,9.765325012569962
75.97597597597598,9.37640578867557
76.07607607607608,9.5907258137204
76.17617617617618,9.56158120859456
76.27627627627628,8.71134938890416
76.37637637637638,9.20417546420691
76.47647647647648,9.971544310228788
76.57657657657658,8.606913749595334
76.67667667667668,8.309296873422582
76.77677677677679,9.718383141035652
76.87687687687688,9.799346603061409
76.97697697697699,8.610631736435987
77.07707707707708,8.4315626507583
77.17717717717719,9.613164413847848
77.27727727727728,9.672659811909012
77.37737737737739,9.581383202345334
77.47747747747748,9.74312010146444
77.57757757757759,9.355903509765943
77.67767767767768,9.581767926738738
77.77777777777779,8.427596136180766
77.87787787787788,9.455216146450843
77.97797797797799,9.48387910053629
78.07807807807808,9.49336105283498
78.17817817817819,8.938183650354592
78.27827827827828,9.328643395190877
78.37837837837839,9.576425297935906
78.47847847847848,9.613590730888673
78.57857857857859,9.341365620700044
78.67867867867868,8.645437541103881
78.77877877877879,9.43052640180746
78.87887887887888,9.369585508656296
78.97897897897899,9.772059854408027
79.07907907907908,9.815515912768284
79.17917917917919,9.346515469592312
79.27927927927928,9.596659352986183
79.37937937937939,9.563970550011883
79.47947947947948,9.449014167785572
79.57957957957959,8.873130029273176
79.67967967967968,9.207349304922808
79.77977977977979,9.08060334581644
79.87987987987988,10.294677558584361
79.97997997997999,9.00231499829045
80.08008008008008,9.127911905040156
80.18018018018019,9.140154356091754
80.28028028028028,8.990793021104567
80.38038038038039,9.853176504762796
80.48048048048048,10.167135327822994
80.58058058058059,10.062952087031665
80.68068068068068,9.90187106551384
80.78078078078079,9.629771365080684
80.88088088088088,8.972424427112076
80.98098098098099,9.811085981508455
81.08108108108108,10.175632302043386
81.18118118118119,9.766535940563914
81.28128128128128,10.348013585171824
81.38138138138139,9.594255643881215
81.48148148148148,8.893839272875054
81.58158158158159,9.74139914939279
81.68168168168168,9.323216024678363
81.78178178178179,10.085518532953946
81.88188188188188,9.224963405752806
81.98198198198199,8.73942680529869
82.08208208208208,10.408291740757376
82.18218218218219,10.018541165488642
82.28228228228228,10.140529260898935
82.38238238238239,9.101451419319625
82.48248248248248,10.582270863793783
82.58258258258259,9.194759661304701
82.68268268268268,9.438186156704
82.78278278278279,10.369841698717845
82.88288288288288,9.252796354862387
82.98298298298299,9.614954827780503
83.08308308308308,10.000964830294748
83.18318318318319,9.724447671654058
83.28328328328328,9.537366718511324
83.38338338338339,9.149056177026067
83.48348348348348,9.69856229826802
83.58358358358359,9.28952945880252
83.68368368368368,10.742829872266737
83.78378378378379,9.783038294594572
83.88388388388388,9.94526970599428
83.98398398398399,10.02120526029174
84.08408408408408,9.448153725181303
84.18418418418419,10.150292217294858
84.28428428428428,9.143813154435218
84.38438438438439,9.942429691193698
84.48448448448448,9.418408692684515
84.58458458458459,9.762839665080149
84.68468468468468,9.109805150456333
84.78478478478479,9.79878295296564
84.88488488488488,10.42785320888996
84.98498498498499,9.762063773418273
85.08508508508508,9.890577710769932
85.18518518518519,10.560071116362607
85.28528528528528,9.798443784150141
85.38538538538539,10.101668848653937
85.4854854854855,9.576584673556882
85.58558558558559,9.286483021560821
85.6856856856857,9.973618069524841
85.78578578578579,10.234799667809924
85.8858858858859,9.713326353203902
85.98598598598599,9.447246792343867
86.0860860860861,9.869484958013011
86.18618618618619,9.95715152858501
86.2862862862863,9.989609571022736
86.38638638638639,10.310444843295468
86.4864864864865,9.559984145860314
86.58658658658659,9.916548662512579
86.6866866866867,10.49952658803179
86.78678678678679,9.686838638731908
86.8868868868869,10.25956050546474
86.98698698698699,9.777346175549235
87.0870870870871,9.791388164512055
87.18718718718719,9.839343317219177
87.2872872872873,9.913101366933347
87.38738738738739,9.475868457868941
87.4874874874875,8.526466029438662
87.58758758758759,9.847223889205502
87.6876876876877,10.299213211591415
87.78778778778779,9.731106620677652
87.8878878878879,9.70479464086911
87.98798798798799,10.241901916255316
88.0880880880881,9.946526642816817
88.18818818818819,10.593986954060382
88.2882882882883,9.287394840223286
88.38838838838839,10.015287959835211
88.4884884884885,10.370914788000704
88.58858858858859,9.188078786590136
88.6886886886887,9.366362314875403
88.78878878878879,9.54273638585901
88.8888888888889,8.641965606550684
88.988988988989,9.491352855869803
89.0890890890891,10.528846517555555
89.1891891891892,8.969964166297833
89.2892892892893,9.213502939621355
89.3893893893894,10.895032666686749
89.4894894894895,9.675288020573053
89.5895895895896,10.166872527608461
89.6896896896897,9.300265742274
89.7897897897898,9.918287035087989
89.8898898898899,9.920426150246419
89.98998998999,9.094493476857519
90.0900900900901,9.571546550933824
90.1901901901902,9.59902067032197
90.2902902902903,9.328514216345281
90.3903903903904,9.430089546673846
90.4904904904905,9.74679704760401
90.5905905905906,9.191636393540296
90.6906906906907,9.434310398800557
90.7907907907908,9.684614157608946
90.8908908908909,9.505534317792955
90.990990990991,9.832202597742677
91.0910910910911,9.843701699604749
91.1911911911912,9.893236985164977
91.2912912912913,9.340890632577677
91.3913913913914,9.412903430759524
91.4914914914915,10.2245354706501
91.5915915915916,9.723009668563398
91.6916916916917,9.959627712304014
91.7917917917918,8.958290060001234
91.8918918918919,9.117654616993836
91.991991991992,10.164193499398815
92.0920920920921,10.091248012366982
92.1921921921922,9.884657101672014
92.2922922922923,10.438353262727526
92.3923923923924,9.94804499997425
92.4924924924925,9.690257763710692
92.5925925925926,9.813327490818374
92.6926926926927,9.893404971216246
92.7927927927928,8.878684358429325
92.8928928928929,9.296237413030271
92.992992992993,10.771411478081944
93.0930930930931,10.692696935161038
93.1931931931932,8.97558522432588
93.2932932932933,9.301099076774522
93.3933933933934,9.881259889910162
93.4934934934935,9.668435856255616
93.5935935935936,10.788337202024278
93.6936936936937,10.348597421618742
93.7937937937938,9.42223760420106
93.8938938938939,9.427508411495664
93.993993993994,9.894478871663216
94.0940940940941,9.356457507930612
94.1941941941942,10.158839788917648
94.2942942942943,10.253148718997485
94.3943943943944,9.303103375268547
94.4944944944945,10.273346017458003
94.5945945945946,9.48969499033636
94.6946946946947,10.50355195854622
94.7947947947948,9.025482123603954
94.8948948948949,10.736854707192734
94.994994994995,9.431626792725753
95.0950950950951,9.957899500355968
95.1951951951952,10.15706566788757
95.2952952952953,9.591577023125662
95.3953953953954,9.849604504676588
95.4954954954955,10.426864427466604
95.5955955955956,9.721016871694895
95.6956956956957,9.631443591563626
95.7957957957958,9.83921331242314
95.8958958958959,9.485953100551948
95.995995995996,9.973895275362342
96.0960960960961,9.929697204683679
96.1961961961962,10.004575520404712
96.2962962962963,10.509900951045587
96.3963963963964,9.78465546855392
96.4964964964965,9.075467452065585
96.5965965965966,9.884063671403931
96.6966966966967,9.637454957259147
96.7967967967968,8.874532398241332
96.8968968968969,9.150904122164372
96.996996996997,9.69425959614553
97.0970970970971,10.151780870744938
97.1971971971972,9.590960004298106
97.2972972972973,9.579244193019019
97.3973973973974,10.117754377775713
97.4974974974975,10.936460123076136
97.5975975975976,10.158157293061588
97.6976976976977,10.084976355864226
97.7977977977978,10.32550603578056
97.8978978978979,10.496691328127664
97.997997997998,9.262893297765638
98.0980980980981,9.987332091317787
98.1981981981982,9.692622269946156
98.2982982982983,9.04861948873566
98.3983983983984,10.164477863525024
98.4984984984985,8.868333769610754
98.5985985985986,10.018374192629784
98.6986986986987,9.650832708531684
98.7987987987988,10.216463497605588
98.8988988988989,10.497949138459559
98.998998998999,9.108929172660273
99.0990990990991,10.157375606009358
99.1991991991992,9.976642946508601
99.2992992992993,10.195977252912272
99.3993993993994,10.722862935277735
99.4994994994995,9.918168106850755
99.5995995995996,10.054334368903126
99.6996996996997,10.393764439773754
99.7997997997998,10.55699366241454
99.8998998998999,9.019624150149866
100.0,9.93986938352153
